iter	Logloss
0	0.6704870844
1	0.6524041817
